"index","AirQuality","Temperature","DeforestationRate","SpeciesDiversity","ReproductiveRates"
"1","0.0328","-0.4804","0.7141","0.9675","0.5614"
"2","0.0856","-0.7154","-0.0136","0.6556","0.7895"
"3","-0.3729","-1.785","-0.9477","-1.178","-1.1914"
"4","-0.0735","0.0592","0.0964","-1.0409","0.9606"
"5","-2.9186","-0.1899","0.4411","0.9305","1.6325"
"6","-0.1406","-0.9265","-2.0674","-0.662","-2.2056"
"7","-0.7541","-0.1446","0.1328","0.4422","-1.5354"
"8","2.0811","2.0015","0.8568","0.2163","-1.098"
"9","0.4069","1.7173","-0.0723","-0.5946","1.3208"
"10","0.439","-0.3461","0.1791","1.0652","0.0231"
"11","0.2452","1.07","-1.9186","-0.636","-3.0874"
"12","1.7509","1.1924","-1.4151","-1.1458","-1.6183"
"13","-0.6878","-1.2585","0.8115","-1.2363","1.0934"
"14","-0.4919","0.9349","-0.2129","-0.5804","0.2073"
"15","0.4051","0.0339","0.5774","0.5235","0.2651"
"16","-1.4625","-0.2631","-2.4562","-0.9459","-0.609"
"17","-0.6267","-0.2423","0.3057","-0.2942","-1.0265"
"18","-0.0249","1.1534","1.7399","2.0739","1.8286"
"19","-0.5405","-0.2828","-0.4258","-0.2287","-1.0144"
"20","1.0331","1.5377","0.3245","-1.0067","-0.1928"
"21","1.0552","0.5023","-0.2081","1.8051","0.4492"
"22","-0.1645","0.3897","0.5458","-0.919","1.1358"
"23","1.0503","2.5084","-0.8142","0.3496","0.8237"
"24","0.2382","1.4513","1.1915","-0.5763","0.2373"
"25","0.3642","-1.5074","1.503","0.4205","1.145"
"26","1.8822","0.5377","1.1047","1.7664","0.1453"
"27","1.1283","-0.4084","-0.8573","-1.2846","-1.6353"
"28","0.9707","0.1254","0.7596","-1.8755","-0.6358"
"29","0.7514","1.6375","0.5524","-0.4303","1.7573"
"30","-0.9798","-0.2758","-0.7002","-0.6545","-1.811"
"31","-0.9431","-1.365","0.8308","-0.1356","-0.026"
"32","0.9814","-0.3392","0.4637","-0.0628","-0.2354"
"33","-1.0468","-1.0932","-0.3086","-0.9936","0.5569"
"34","-0.5892","-1.0072","-0.0086","-1.7809","0.552"
"35","-0.7265","0.2748","-0.2991","-0.6549","-1.5004"
"36","-1.6053","-0.6417","-0.0606","-0.362","0.4794"
"37","0.7286","-1.0356","-0.5714","-0.5911","-0.5529"
"38","0.5332","0.3431","-0.2623","-0.7787","0.5671"
"39","-0.0761","0.8765","-0.4381","0.2189","0.7298"
"40","1.538","0.9858","-0.3169","0.1065","-1.1926"
"41","0.6452","-0.539","-0.1421","1.6009","0.7445"
"42","0.3007","0.8159","-0.2549","-0.1568","0.1379"
"43","0.5121","0.5836","1.4406","1.7301","-0.2927"
"44","-1.8046","-1.275","-2.2745","-0.501","-1.4755"
"45","-0.9775","0.023","-1.3088","-1.0359","-0.6141"
"46","0.5488","-0.4419","1.9071","0.528","1.111"
"47","0.1782","-0.9166","0.144","1.0896","0.8227"
"48","-0.4929","0.3712","0.9937","0.059","0.7214"
"49","0.0819","0.4753","-0.3571","-1.1877","-1.8202"
"50","0.7529","-0.9427","1.0869","-0.5337","-0.4048"
"51","0.0911","-0.2064","0.221","-0.6986","-0.3384"
"52","-1.4047","0.7484","1.1342","-0.5272","0.2439"
"53","0.0848","0.6562","-0.1734","-0.5566","0.3157"
"54","-0.1915","-1.9593","-1.8426","-1.022","0.583"
"55","0.4258","1.0307","0.1981","-0.4015","-0.4908"
"56","-0.9173","-0.4295","-1.1148","-1.7227","-0.8506"
"57","0.2604","0.8208","1.4518","1.4211","1.3366"
"58","-1.4877","0.8304","-0.7692","-0.2704","0.0099"
"59","0.9339","-0.2401","-0.0339","-0.8607","-0.294"
"60","0.517","-0.0528","-0.4779","-0.3789","-0.3552"
"61","1.0258","0.5952","-1.517","-0.6647","-0.5952"
"62","0.3767","-0.8763","1.9534","-0.3938","0.3702"
"63","1.0408","1.1004","-0.6615","-0.4602","0.3438"
"64","1.428","1.1146","0.6899","-0.0173","0.2283"
"65","-0.1282","1.4596","0.2026","1.6087","0.6433"
"66","0.1894","-1.9271","1.1236","-0.9965","0.3473"
"67","-1.4289","-0.3744","-0.4595","0.6436","0.1969"
"68","-0.5833","0.9538","0.023","-0.4383","0.034"
"69","-1.0462","-0.8265","-0.2139","0.4117","-1.808"
"70","-1.1351","-0.0205","-1.1468","-2.3342","-2.3872"
"71","0.9771","0.4412","0.1728","-0.2203","0.3374"
"72","0.3236","1.9521","2.6016","1.4456","1.5557"
"73","-0.7913","-1.834","-0.2651","-0.2584","-0.4416"
"74","0.2379","0.0287","0.2923","1.5585","0.1688"
"75","0.7466","0.7061","-0.011","0.7145","0.2001"
"76","-1.2524","-0.9707","-0.6673","0.6273","-1.4674"
"77","0.3562","0.6634","0.4571","-0.94","0.589"
"78","0.6593","-0.1086","2.1048","1.3626","-0.3506"
"79","-0.387","-0.1376","0.0625","0.1188","-0.3412"
"80","-0.2145","-0.5306","0.1753","0.9762","-0.0799"
"81","0.042","1.5371","0.1241","-0.0434","-1.8706"
"82","-0.5324","-0.0016","0.1268","-0.0369","-1.0329"
"83","0.8688","0.1749","-0.574","0.7884","-0.0145"
"84","-1.224","-1.3169","-0.8659","0.9188","0.3488"
"85","0.0813","0.5774","1.0586","-0.8568","-0.1654"
"86","-1.5493","-0.7764","0.8202","1.0061","-0.9624"
"87","-1.223","-1.7278","0.4512","-0.7759","-0.69"
"88","0.8709","-0.1138","-1.6755","0.5882","-1.2641"
"89","0.4921","-0.8771","1.2247","-0.0732","0.0777"
"90","-1.4249","-2.0495","-0.8564","0.5944","-0.2738"
"91","0.8745","0.0418","-1.1518","-2.1714","-0.8826"
"92","-1.2768","-1.8957","-0.2263","0.466","1.1544"
"93","0.8474","-0.8125","0.3491","-0.4848","-1.0512"
"94","1.0618","0.6826","0.755","-0.0781","-0.4563"
"95","-0.6977","-1.7469","-1.0377","-0.5872","-0.6361"
"96","0.4865","0.635","0.3659","0.8328","-0.4234"
"97","-1.7892","-1.1799","-0.4925","-2.3134","-1.7731"
"98","-0.5084","-0.5086","-0.8883","-1.9615","-1.3624"
"99","-0.2094","1.1926","-0.2221","-0.0347","0.2985"
"100","-0.2036","1.2979","0.5958","1.1166","0.828"
"101","0.7633","1.2231","-0.128","0.9559","-0.446"
"102","1.3104","-0.4667","-0.7787","-0.522","-0.5001"
"103","-0.9635","0.4187","0.0785","0.3893","1.1991"
"104","0.3116","-1.2979","0.5043","0.6598","0.8995"
"105","0.4694","0.9485","1.0093","0.0341","0.8665"
"106","-0.7123","0.0347","0.6521","0.479","-0.4513"
"107","0.2897","-0.3309","0.7407","1.0721","0.8231"
"108","1.1888","0.9518","1.5592","1.1691","0.665"
"109","-0.5461","-0.3789","0.6123","0.5275","1.1666"
"110","-1.1263","0.0189","-0.4424","-1.1661","-0.2437"
"111","-0.1453","0.1615","0.6136","0.7109","0.626"
"112","0.6295","-0.6488","0.0783","-1.1381","-1.2547"
"113","2.3592","2.1338","1.1721","0.6201","-1.1003"
"114","-0.7236","-0.2051","0.3306","0.0871","0.8224"
"115","0.1897","0.7524","-1.4695","-0.7584","-0.2068"
"116","-0.1886","0.2547","0.5633","-0.8699","-0.9266"
"117","-0.0309","-0.3768","0.4592","-0.3728","-0.1348"
"118","1.0221","-0.4775","0.4804","0.2878","0.8165"
"119","1.3172","1.2103","1.1439","-0.3519","-0.6234"
"120","-0.318","-0.5152","1.3051","1.1695","1.8985"
"121","-0.1183","-0.7366","0.1482","-0.0367","0.3128"
"122","-0.2778","-0.2352","1.0963","1.6711","0.8578"
"123","1.2037","1.3156","-0.6047","0.0429","-0.1831"
"124","0.8074","-0.421","0.2609","-0.5716","0.8598"
"125","-2.1033","-0.803","-1.1591","-1.9488","0.0915"
"126","1.5745","2.9748","-0.2515","-1.2161","-0.6529"
"127","-0.3428","-0.2686","0.3588","-0.3327","-0.3003"
"128","-0.5905","-0.2585","0.5844","-0.1136","0.066"
"129","1.1385","0.5843","0.5403","0.489","0.4939"
"130","0.3616","-1.3836","-1.0195","1.3535","0.9808"
"131","-0.1914","-1.1982","-1.1439","-1.1658","-1.339"
"132","-0.6464","-0.2132","-0.1695","-0.0953","-0.4443"
"133","0.7744","-0.4542","0.218","-0.2449","-0.6602"
"134","0.7627","-0.5684","-0.693","0.6458","1.4991"
"135","1.0127","-0.2133","3.0921","2.1724","0.3422"
"136","-0.5592","-1.6325","-0.818","-0.5226","-0.3766"
"137","1.0543","0.1596","1.0292","1.4457","1.2148"
"138","0.0698","-0.0274","-0.105","-0.9601","-1.7339"
"139","-0.3262","-0.3966","-1.6955","-2.3143","-1.7096"
"140","1.0443","0.1648","1.7634","1.8128","-0.3377"
"141","0.1139","-1.1124","-0.5914","-1.1415","0.4585"
"142","-0.3117","-0.2684","1.0835","0.6842","-0.6011"
"143","0.4387","0.929","2.28","1.691","-0.4092"
"144","1.6714","0.2426","1.6146","0.9686","0.3629"
"145","1.8758","0.6076","1.4234","0.5283","0.8969"
"146","-1.08","0.7198","0.4908","1.4285","0.2782"
"147","0.5699","0.3145","1.3399","1.6897","0.932"
"148","-0.2004","0.5572","-0.4991","-1.3394","-0.7687"
"149","-2.0499","-1.7621","-0.7126","-1.3765","-1.3546"
"150","1.2757","0.9082","0.3239","1.5101","0.2799"
"151","-0.8261","-0.2397","-0.4573","-1.0053","0.0049"
"152","-0.4416","-1.0231","-1.2174","-0.6793","1.0631"
"153","-0.0482","0.2578","-0.0455","-1.1102","-0.0881"
"154","1.0817","0.9576","0.1665","-0.0075","1.5151"
"155","1.0092","0.8319","-0.364","-0.5476","-0.5052"
"156","0.2488","0.1132","0.7681","-0.4638","0.2614"
"157","-1.0878","-0.6571","0.1351","0.9111","-1.5809"
"158","0.2699","0.156","0.6798","0.608","-0.7048"
"159","-1.0332","-1.658","-0.1913","-0.514","0.03"
"160","-0.1789","0.0477","-0.1472","0.6877","1.0406"
"161","-0.6981","-0.2521","-0.8231","-0.7353","-1.0932"
"162","0.4676","0.6305","0.9781","0.3802","1.2128"
"163","0.1366","0.9305","1.9363","0.829","0.2833"
"164","-2.0003","-2.4856","-2.2149","-2.4708","-1.8637"
"165","-0.1919","-0.0109","0.7529","0.0568","0.877"
"166","-0.7283","-1.9186","0.3688","0.353","0.8326"
"167","-0.3166","-0.3391","0.3379","-1.6294","-0.2037"
"168","0.443","0.6657","1.0265","-0.2248","-0.4173"
"169","-0.8721","-1.0222","-0.5587","0.1911","0.6239"
"170","1.0862","0.1172","-0.6682","-0.7278","-1.1961"
"171","0.4444","0.2582","0.1062","0.0242","-0.1424"
"172","0.7552","-0.1684","1.4204","-1.0022","-1.7192"
"173","-0.4182","-0.8199","0.6887","0.2904","0.2499"
"174","-1.7862","-1.1933","-1.6806","-0.4101","-2.358"
"175","0.9434","-0.5023","1.2926","0.8469","-0.4854"
"176","1.8149","0.4088","0.8771","0.5415","-0.1673"
"177","0.111","-0.6851","-0.2622","0.5523","0.0897"
"178","-0.2986","0.0152","-0.6218","0.0143","-0.0784"
"179","-1.1245","-0.8453","-1.3111","0.9029","1.2017"
"180","-1.3805","1.1572","0.1257","0.9939","0.9587"
"181","0.7007","1.2009","0.0765","0.8092","1.0316"
"182","-1.6709","-0.9705","-0.6489","-0.4034","-0.5939"
"183","-0.5946","0.9282","-0.075","1.076","-0.0905"
"184","1.098","0.0836","-0.2471","0.9188","1.2196"
"185","0.6841","0.3424","-0.0548","0.0524","-0.2728"
"186","0.1399","0.734","0.9631","-0.0169","-1.471"
"187","-0.7733","-1.8789","0.0373","-0.8277","-0.5238"
"188","0.3989","-0.6324","0.2841","-1.1598","0.9405"
"189","-0.7788","1.0852","-0.7923","-0.4081","-1.6784"
"190","-0.4744","-1.1506","0.806","0.7701","1.8266"
"191","0.1519","-0.6595","-0.3714","0.1216","-0.0124"
"192","1.3343","1.0632","0.6302","-0.9502","-1.1744"
"193","1.0094","1.1724","-0.4902","-0.528","-1.616"
"194","0.7399","0.8328","0.0825","0.9382","0.5099"
"195","0.5506","0.2813","1.2353","0.9956","1.4151"
"196","-0.7684","-1.1144","-2.6806","-1.3051","-0.6742"
"197","-1.1328","-0.4211","-0.4969","0.1923","-0.1289"
"198","1.2182","1.5949","1.4688","0.3318","-0.5879"
"199","0.3685","-0.3458","0.5667","0.566","0.9158"
"200","0.8126","1.2447","0.9791","0.1215","0.9963"
"201","-0.4731","-0.961","-2.8549","-2.4848","-0.2835"
"202","-1.6575","-1.1557","-0.3664","-0.8271","-0.4512"
"203","1.3099","0.0211","-0.1091","0.1469","-0.6615"
"204","-1.8536","0.332","-0.1331","-0.6795","0.8551"
"205","1.4226","0.0678","0.635","-1.514","0.8968"
"206","0.4639","1.0695","0.589","0.0899","-0.7229"
"207","0.201","-0.0825","0.8115","0.3597","1.5123"
"208","0.4323","1.52","-0.3712","1.287","-0.9171"
"209","-1.4387","-1.5828","-0.7173","-0.8326","-1.1812"
"210","0.1527","0.4755","-0.5059","0.0384","0.1549"
"211","0.0766","0.1073","-0.5294","0.195","-0.2346"
"212","-0.3698","-0.2619","-0.4202","0.0229","0.304"
"213","-0.754","-0.6536","-1.22","-0.3099","-1.3345"
"214","-0.6474","0.65","-0.824","1.1697","1.8827"
"215","0.5668","0.9069","0.0137","1.1479","0.8778"
"216","-1.4454","-0.225","-0.6376","-1.936","-1.4303"
"217","-1.6548","-0.0032","0.3913","1.132","1.9631"
"218","-1.2273","-0.0861","2.0593","0.7906","0.8131"
"219","0.0125","0.3129","1.1157","1.5039","1.2718"
"220","0.333","0.3234","-0.2858","2.1113","2.188"
"221","0.1947","0.8157","0.8474","-0.0183","0.0929"
"222","-0.9717","-0.5694","-1.0314","0.0468","0.6792"
"223","-1.5131","-2.2598","-0.6357","0.1967","0.4449"
"224","-1.0437","-1.273","0.4114","0.5027","-1.4146"
"225","-0.1225","-0.1298","0.8172","0.565","-0.0542"
"226","0.4306","0.3886","0.1411","-0.8816","-0.2764"
"227","-0.856","0.9841","-0.104","0.9563","1.8549"
"228","1.1904","0.8064","0.7794","0.0498","-0.5879"
"229","0.1325","-0.6154","-1.3108","-0.4953","-0.7158"
"230","-0.0381","1.3429","1.2259","0.9769","-0.1676"
"231","-1.9322","-1.9045","-0.9018","-0.8492","-1.1768"
"232","0.3611","1.5854","-0.0837","-0.0872","-1.5946"
"233","0.4475","-0.3561","-0.9517","-0.3601","0.7005"
"234","-0.217","-0.4675","0.4601","0.9082","2.0368"
"235","0.7046","0.1194","-0.0107","0.4944","0.7096"
"236","0.1741","-0.3184","1.5504","0.5392","2.7432"
"237","0.3001","-0.4224","0.1234","0.5473","-0.0521"
"238","-0.0865","-0.6559","-0.5158","-0.5161","0.4739"
"239","-0.6191","0.8236","-0.1329","-0.7043","-0.3412"
"240","0.2578","1.1957","1.9632","-0.5209","-0.4273"
"241","0.0689","-0.1077","1.2169","0.9223","0.4195"
"242","1.2791","0.3528","0.1574","0.0192","-0.2019"
"243","-0.4203","0.0537","-1.5715","-1.5144","-1.5786"
"244","1.0006","-0.4659","1.568","0.5715","1.0217"
"245","0.9808","-1.728","1.206","-0.2571","0.0292"
"246","-2.0819","-0.41","-1.0515","-0.4024","-2.77"
"247","-0.3532","0.7095","0.033","-0.1601","0.2649"
"248","0.9316","1.3612","0.9608","1.0692","0.2291"
"249","2.1341","0.4399","0.5031","-0.8964","-0.015"
"250","-0.8832","0.0523","0.4255","-0.1378","-1.3332"
"251","0.4197","0.8149","0.5317","0.439","-1.1806"
"252","0.7932","0.6186","0.2951","0.2825","-0.1476"
"253","0.0838","0.446","0.4516","0.9263","-0.9982"
"254","-0.3847","0.1293","0.2389","0.9515","-1.5864"
"255","-0.3106","-0.1332","-1.8588","-1.7673","-1.2161"
"256","-0.9864","0.3594","-0.7192","0.9468","1.0119"
"257","-1.8308","-1.1212","-0.4071","0.2183","-0.6089"
"258","-0.6022","0.3595","-0.8577","-0.0571","-0.9705"
"259","-0.3783","-0.1318","1.1829","-0.1389","-0.3453"
"260","1.4364","0.8653","0.7825","1.1979","0.9122"
"261","0.913","0.4863","0.7305","-0.4048","-0.0329"
"262","1.1444","0.341","-0.3772","1.3077","-1.0062"
"263","-0.5429","-0.1285","0.5267","0.1413","-0.2623"
"264","-2.1551","-0.6338","0.6799","-1.5872","-0.7786"
"265","-0.843","-1.7876","-2.3887","-1.5049","-1.2118"
"266","-0.673","-0.1501","-1.2622","-1.9979","-1.0394"
"267","-0.3203","1.137","-0.7465","0.6794","-0.1289"
"268","2.2481","1.3651","1.6402","0.7231","-0.3221"
"269","0.5774","-0.4894","0.7056","1.0604","-0.9556"
"270","0.7952","0.3342","0.2215","-1.445","-0.1888"
"271","-0.0997","-0.2963","0.0657","-1.757","-0.8542"
"272","0.0277","-0.5208","-1.1734","-0.6166","-1.0378"
"273","-0.3252","0.0592","-0.5488","-1.4299","0.1379"
"274","0.5465","0.5154","2.2463","0.5894","0.6501"
"275","0.053","-0.8178","-1.3077","-0.8374","0.1945"
"276","0.433","0.2621","0.5621","0.2582","-0.1067"
"277","0.0537","-0.1581","-0.9929","1.2723","-0.9094"
"278","0.5917","0.2918","-0.146","-0.3555","-0.73"
"279","0.12","-0.7187","-0.0876","-0.915","0.1657"
"280","0.1775","-0.4299","0.5492","-0.5101","0.0438"
"281","2.257","-0.6052","1.423","1.645","0.5467"
"282","-0.2897","-1.0782","0.4135","-1.4037","-0.2443"
"283","-0.1071","-1.2018","0.7147","0.4422","-1.7118"
"284","-0.2896","-1.8888","0.648","1.1517","1.1448"
"285","-0.322","-1.2053","0.3281","-0.2512","1.1174"
"286","-0.499","0.3875","-1.0467","1.1917","-0.4405"
"287","-1.1649","0.6982","-0.4751","0.0305","0.4462"
"288","-2.7301","-0.5801","-1.8289","-0.0354","-0.0657"
"289","-0.8352","-0.7292","-0.2013","1.1647","1.5472"
"290","0.6092","-0.6794","-1.3041","0.666","0.1866"
"291","-0.1335","-1.1888","-0.2586","-0.7256","-2.0731"
"292","1.0269","-0.3017","-1.51","-1.1624","-1.7766"
"293","-0.6641","-0.4696","-1.186","-1.6944","0.4656"
"294","-0.0851","2.0322","0.9526","-0.2956","-0.6419"
"295","-1.348","-0.9565","-2.2397","-1.0571","-1.0482"
"296","-0.871","0.7231","0.3716","-0.4664","0.1575"
"297","-1.4807","-0.6537","-1.1181","-2.199","-0.7042"
"298","1.4073","-0.5325","1.3052","1.1339","1.0834"
"299","-0.2717","-0.028","0.2319","0.2662","-0.371"
"300","-0.1359","-0.4189","-1.3999","-1.032","-1.2755"
"301","0.7957","-0.3778","0.0092","1.2029","0.7683"
"302","-0.2511","0.9598","-0.113","1.7626","0.2597"
"303","-0.0657","0.151","0.5062","1.5466","1.1003"
"304","1.2329","0.7459","0.4028","0.6436","0.5596"
"305","1.2522","-0.4394","0.9402","-0.1898","-0.3794"
"306","0.8454","0.0018","-1.4753","-0.2551","-0.1039"
"307","0.7857","1.2974","0.503","1.6706","3.0496"
"308","0.1731","0.2398","-1.2271","-0.178","0.5589"
"309","-1.769","-1.1456","-0.3061","-0.6638","-0.2995"
"310","-2.1157","-1.1701","-0.9857","-0.6251","-2.2579"
"311","-0.907","0.3501","-0.3133","-2.2977","-1.1787"
"312","-0.4671","-0.7667","-0.8964","-0.6469","0.3823"
"313","1.2843","1.8112","1.5665","0.1069","1.2202"
"314","-0.3949","-0.0179","0.9936","1.2537","0.0228"
"315","-0.0535","-0.3738","0.9626","0.5739","-0.1375"
"316","-0.3106","0.0133","-1.1985","-0.1102","-0.7332"
"317","0.1698","-0.6286","0.3916","-0.4596","0.9628"
"318","0.5945","-0.5332","1.3005","0.6906","2.3383"
"319","-1.2406","0.339","-0.9995","-2.65","-0.9185"
"320","-0.74","-0.3162","-0.722","-0.0596","-1.4021"
"321","-0.0681","-1.1336","0.0879","0.7026","-0.6952"
"322","-1.8188","-2.579","0.3799","0.1943","-0.6569"
"323","3.5179","0.6527","0.535","-0.2687","-0.1065"
"324","0.8148","2.1068","-1.157","-2.0866","-1.7828"
"325","0.5697","0.3195","0.8222","-0.4626","0.5501"
"326","-0.3476","0.0312","-0.3313","-0.3259","-1.5379"
"327","0.385","1.5788","-1.3419","-0.1593","0.0882"
"328","-1.0711","-0.8304","0.4718","-0.8","0.0603"
"329","-1.7091","-0.0916","-1.2209","-1.7122","0.6894"
"330","-0.6115","-1.0438","-0.0396","0.4975","1.308"
"331","-0.9108","-0.7742","-1.4869","-0.4717","0.4703"
"332","0.9095","1.1182","1.8918","-0.7326","0.8743"
"333","-0.3322","0.7248","1.2373","0.1426","0.7397"
"334","-1.7614","-0.7694","-1.0807","-0.2039","-1.4221"
"335","-0.8631","0.1749","-0.7531","0.8327","-0.6835"
"336","1.038","-0.3511","2.1949","1.7148","2.2888"
"337","1.5367","1.4093","0.225","1.2002","0.2543"
"338","-0.4692","-0.8847","0.6859","0.3334","1.0261"
"339","-1.0083","-0.4432","-0.5955","-0.3912","-0.4695"
"340","0.4077","-0.4932","-0.4754","0.6509","0.2406"
"341","-0.5297","-0.7066","-0.1416","-0.3303","-0.5056"
"342","-0.3982","0.5011","-0.8109","-0.8988","-1.7192"
"343","-2.2326","-1.1921","-0.3523","-0.6804","-1.364"
"344","-0.3746","-0.251","-0.4064","0.1518","0.8897"
"345","-1.0185","-0.5979","0.367","0.5316","0.9894"
"346","0.1704","1.0257","2.1404","1.0504","1.6105"
"347","-1.0946","-0.6434","0.7266","0.3161","0.2949"
"348","0.4449","0.6328","0.5806","0.2585","-0.0331"
"349","-0.141","0.187","1.071","1.6985","0.3289"
"350","0.1739","0.1922","-0.0195","0.9274","-0.8698"
"351","-1.3498","-0.7644","-0.0943","0.1186","-1.6502"
"352","0.4225","0.9904","1.0949","2.0439","2.4636"
"353","0.0979","-0.1811","-0.2035","1.181","0.5854"
"354","0.9958","-0.2398","-0.6704","0.7359","-1.5458"
"355","1.6093","0.8987","0.3226","-0.411","0.7284"
"356","1.2885","0.7567","-1.1474","-0.9186","-1.1012"
"357","0.3132","-0.5531","-0.669","-0.5929","0.1865"
"358","-0.5538","-1.0675","0.3839","0.5558","0.7664"
"359","1","1.0609","3.0581","1.3108","1.8479"
"360","-1.9082","-1.23","-1.5341","-2.423","-1.5778"
"361","1.2792","1.0654","0.1963","-1.2529","-0.6081"
"362","-0.4133","-0.2251","-0.2792","-1.3521","0.2265"
"363","-0.0245","1.2173","-0.6233","-1.4133","0.2678"
"364","-0.6855","-0.0798","-0.5208","-0.994","-1.2613"
"365","-0.7489","-1.7647","-0.364","0.3827","-0.4907"
"366","-0.6294","0.6267","0.3174","0.1661","0.3476"
"367","1.3929","0.4815","-1.4844","-2.0991","0.8821"
"368","0.7421","1.2712","0.8009","0.5306","-0.2238"
"369","-0.6843","0.5045","-1.8462","-0.3193","-0.2556"
"370","0.6938","0.3527","0.4695","0.0957","-0.144"
"371","-2.2277","-1.6749","-1.5927","-1.3615","-1.3384"
"372","0.5764","-0.0887","2.076","1.5142","1.3619"
"373","1.1645","0.8769","-0.0639","0.2098","-0.7268"
"374","-0.9946","-0.9282","-1.8198","0.2057","1.1207"
"375","-0.3484","-1.2174","-0.2443","-0.3626","0.4737"
"376","2.0285","0.0248","-1.0767","1.1035","-0.1629"
"377","0.0445","0.2045","0.4368","1.1593","1.7407"
"378","0.6602","-0.3771","-2.244","0.783","1.0323"
"379","-0.7926","-0.2164","-0.297","0.4725","1.1167"
"380","0.3592","1.9926","2.3273","1.245","-0.047"
"381","-0.7322","0.6293","0.8122","-0.212","-0.7255"
"382","0.0306","-0.4565","1.0732","-0.5405","-1.1065"
"383","0.1241","-0.5976","0.419","1.0888","-2.2287"
"384","1.8672","0.7694","-0.4451","0.7043","0.8129"
"385","0.0043","-0.062","-0.3848","-0.3138","-0.9731"
"386","-2.0896","-1.6602","-1.3128","0.0841","0.5036"
"387","-0.5357","0.0763","-0.6811","-0.7108","0.5836"
"388","0.5238","0.8436","1.3299","0.7107","0.3503"
"389","0.4356","0.7691","0.6308","-0.2451","-0.148"
"390","-1.1668","-0.5589","-0.0014","-0.0783","0.7903"
"391","0.6003","-0.2658","0.9086","0.025","0.9098"
"392","0.9704","0.4226","2.453","1.8295","1.4637"
"393","-0.5995","0.8429","-1.653","-0.5457","-0.8198"
"394","1.2055","1.5246","-0.1883","0.4298","-0.0862"
"395","1.6339","0.0932","0.0021","0.4818","-0.4704"
"396","-2.0228","-1.983","0.7753","-1.5832","-0.459"
"397","1.3918","0.3892","0.2488","0.0886","0.5238"
"398","-0.2787","0.7857","-1.3844","-1.3962","-0.2762"
"399","0.8816","1.37","0.3682","0.5027","1.428"
"400","-0.1665","0.0956","0.7452","-0.5604","1.2836"
"401","-0.3343","-0.8753","0.4768","0.4872","0.4014"
"402","-0.1715","0.7341","1.3312","1.2728","0.7741"
"403","0.9386","0.5224","0.575","0.3737","-0.4337"
"404","-0.5457","-0.1564","0.7226","-0.1341","0.1754"
"405","0.6473","-0.6005","-2.3437","0.645","-0.5723"
"406","1.6116","1.9243","1.3643","0.2555","0.4419"
"407","0.4974","-0.049","1.2746","0.1931","-1.1497"
"408","-0.3922","0.0747","0.6681","-1.1732","-2.1037"
"409","-0.0044","-1.1285","0.9628","0.6043","1.357"
"410","0.2117","-0.4741","-1.1826","0.8621","-0.1911"
"411","-1.2903","-0.0926","0.5219","0.5297","-1.6778"
"412","0.0506","0.0277","-0.2144","0.1095","-1.0533"
"413","-1.6161","-0.6127","-0.1508","-0.1129","0.4087"
"414","1.3794","0.3187","-1.1443","-0.2582","0.2882"
"415","0.3939","-0.0992","0.9953","0.8628","-1.1828"
"416","1.6938","1.5908","2.866","1.8374","0.685"
"417","0.8321","-0.4755","0.6715","-0.2056","-0.8321"
"418","-0.499","-0.1918","-0.2505","-0.4312","-0.0215"
"419","0.0178","0.425","-0.9643","-0.5005","-0.7256"
"420","0.0985","1.1068","0.6921","0.1437","-0.1746"
"421","-1.9491","-1.0298","-1.0916","-0.1906","-1.9766"
"422","1.2922","-0.5465","-0.427","-0.3164","-1.2647"
"423","0.1087","0.0228","-0.5287","0.6205","-0.7685"
"424","-0.8539","-0.152","-1.2289","-0.7863","-1.285"
"425","0.65","0.2391","-0.1881","0.3687","1.6555"
"426","0.8101","1.298","0.1684","0.2355","-1.1377"
"427","-0.8371","-2.1893","-1.9623","-1.8632","-1.3354"
"428","0.3075","0.4014","0.0017","0.0635","-0.9677"
"429","0.1393","-2.7053","-0.3331","-1.5667","-1.5025"
"430","1.0615","0.8377","0.5304","1.3168","1.2294"
"431","-0.2511","1.0194","0.1068","0.7107","-1.07"
"432","-1.05","-0.1663","-1.9062","0.3663","2.1245"
"433","1.1417","-0.9786","0.1746","-1.2562","-0.2603"
"434","0.9978","0.906","0.1758","1.107","0.2047"
"435","-1.1847","-1.7732","0.5662","0.8007","1.5669"
"436","1.2322","1.2026","-0.0974","0.1916","1.4437"
"437","-0.4334","-2.5774","-0.1674","-0.53","1.3399"
"438","-1.0263","0.0579","-0.4275","-1.261","-1.0003"
"439","1.8629","0.3995","1.8729","2.3953","0.6749"
"440","-1.8443","-1.023","-0.0064","-0.653","-0.7589"
"441","1.2887","0.2773","0.7921","1.5486","0.0652"
"442","0.5117","0.589","-0.3915","-1.9377","-0.1286"
"443","-1.2262","-0.518","-0.0101","-0.4386","0.0026"
"444","0.3172","0.4104","-0.0524","0.646","-0.7988"
"445","0.6605","0.7979","0.1324","0.0998","0.636"
"446","-1.2927","-0.0007","0.071","-0.5386","1.5934"
"447","-0.4867","-1.9532","-0.3654","0.9853","0.1636"
"448","-2.8876","-0.8836","0.5205","-0.2582","0.6612"
"449","1.6899","1.6327","1.7151","0.7948","1.139"
"450","0.9235","1.0035","2.002","0.4392","1.1612"
"451","-0.7921","0.902","-1.4531","-1.7638","-1.5892"
"452","-0.7355","0.5092","-1.8716","-1.0674","0.028"
"453","-0.3427","0.5965","-0.3994","-0.545","-0.7518"
"454","-0.2439","0.539","-0.3805","-1.1183","-1.2571"
"455","-1.5422","-0.081","-1.1036","-0.1526","0.0038"
"456","2.6415","1.4534","2.089","1.5157","1.1713"
"457","-1.0942","0.6196","-1.0931","-1.2818","-0.686"
"458","-0.4614","2.1892","0.8347","-0.3704","-0.4491"
"459","-0.0963","0.6135","-0.0849","-0.924","-0.181"
"460","-0.6451","0.7187","1.5338","-0.0578","-0.7646"
"461","-1.0591","-0.9291","-0.9579","0.1443","-0.0965"
"462","0.5963","0.7209","-0.5985","1.1912","-0.84"
"463","-0.3019","-0.3874","0.7089","-0.9526","-1.0734"
"464","-0.1507","1.0818","0.5977","0.0944","-0.3126"
"465","1.4578","0.4497","1.3244","-0.3547","0.7873"
"466","-1.5715","-0.1222","-1.6786","0.1384","-0.7136"
"467","-0.2316","-0.6022","-0.7623","-0.8657","0.0635"
"468","-0.5384","-0.6495","-1.9497","-1.6938","-0.8493"
"469","0.2645","0.1996","-0.8013","0.0312","0.2338"
"470","-0.6057","-1.827","-0.4822","-0.6989","-0.3114"
"471","-1.4568","-1.8313","-1.0331","-0.8626","-1.7575"
"472","-0.8008","-0.4719","0.9565","0.3839","0.9008"
"473","0.7966","0.3008","0.7043","0.8875","1.9988"
"474","-0.9539","0.9824","0.1091","0.6753","0.1264"
"475","-0.4904","-1.821","1.9744","0.2565","0.4536"
"476","-1.1111","-0.88","0.3649","-0.0503","1.3332"
"477","-0.9163","0.0249","-2.1792","-1.0237","-1.6024"
"478","-0.1258","-0.353","1.1925","-0.183","0.4944"
"479","-1.1236","-1.3309","0.0433","0.2203","1.015"
"480","-0.225","0.9672","-1.1996","0.8227","0.7631"
"481","1.6094","0.2349","-0.5022","-1.3654","0.0441"
"482","0.5521","-0.3189","-0.2281","-0.3734","-0.8688"
"483","-0.1525","-1.0845","-0.9733","-1.3944","-0.9686"
"484","-0.061","0.6645","0.3458","-0.0139","-1.6081"
"485","-1.2706","-1.019","0.9396","-1.1166","-0.0394"
"486","-0.3879","0.6847","-1.397","-1.486","0.3871"
"487","-0.8967","-0.6425","-0.5915","-1.5668","0.9255"
"488","0.33","0.3083","0.7263","0.2866","0.2431"
"489","0.0007","0.2415","-2.2126","-0.8158","-2.8973"
"490","0.5161","0.5965","0.6947","0.3622","-1.1696"
"491","1.2585","0.2894","-0.2561","-1.7016","1.0613"
"492","-0.9717","-1.9022","-1.2617","-0.4414","-0.1726"
"493","-1.4905","-1.1851","-0.9858","-0.0478","-0.7199"
"494","1.1021","3.0843","-0.2282","0.1469","-0.1508"
"495","0.4151","-0.7915","1.5866","0.9267","0.5519"
"496","1.2092","1.0323","0.8034","0.5696","1.0888"
"497","0.4452","0.7109","-0.8246","-0.9346","0.2474"
"498","0.8044","0.078","-0.2622","-0.4644","-0.8446"
"499","1.0117","0.1495","-0.8175","-1.4857","0.0781"
"500","-1.3631","0.5665","-0.7868","-0.1633","0.1558"
"501","-0.365","0.1807","0.215","1.7332","0.2182"
"502","1.0218","0.0673","1.1104","-0.0288","1.2296"
"503","-0.0094","-2.3422","-0.547","-0.2951","-0.5509"
"504","-0.5263","-0.1079","0.0468","-1.104","-0.9417"
"505","1.7242","1.8101","0.2963","0.8537","0.5285"
"506","1.3902","1.0092","-0.4556","-0.2099","-1.6065"
"507","0.7133","1.0139","-0.0722","1.3306","0.0514"
"508","1.3012","0.8295","1.3348","1.4437","2.2752"
"509","0.9015","-0.2994","0.2385","-0.2927","-1.4115"
"510","-0.6722","1.9446","-0.154","-1.065","0.6762"
"511","0.4544","0.1377","-0.9283","-0.3026","1.339"
"512","-0.6744","-1.0787","-0.1561","0.1613","1.16"
"513","0.0491","-0.1941","-1.1429","-0.913","-0.7461"
"514","0.2944","0.4847","-0.1247","-0.4014","-1.0684"
"515","1.7614","-0.9085","0.2116","0.1801","0.7394"
"516","0.3594","0.9945","0.6574","0.6093","-0.204"
"517","-0.0612","0.1315","-0.4389","0.6324","0.2641"
"518","-0.3079","0.3816","-0.0948","-0.1462","-0.982"
"519","1.174","0.4242","0.2747","0.6989","1.0383"
"520","-0.3656","0.2974","0.3678","-0.3539","0.867"
"521","0.3004","-0.975","-1.2652","-1.3123","0.1175"
"522","-0.0791","0.5012","-0.6607","-0.3868","1.4193"
"523","0.6354","-0.4834","0.8818","0.8066","0.3341"
"524","-0.6533","0.8659","-0.072","0.1472","0.9532"
"525","-0.4179","-1.4452","-0.271","-0.5002","-1.4783"
"526","1.4543","-1.6889","-1.077","0.122","-0.9952"
"527","0.3087","0.1866","-2.2052","-1.1247","-1.2263"
"528","0.2157","-1.9306","0.2855","0.4933","0.2148"
"529","-0.1458","-0.5776","-0.0041","-0.8416","0.2195"
"530","0.3318","0.8286","0.457","0.7792","-0.6633"
"531","-0.5515","1.4634","-0.8046","-0.4995","-1.6331"
"532","0.026","0.8142","1.2298","-0.6259","0.2964"
"533","0.4564","1.1774","1.2653","1.4192","0.4216"
"534","0.0163","-1.1688","1.1889","0.0064","-0.9242"
"535","-1.9468","-0.1391","-1.9467","-1.1218","-1.2495"
"536","-0.2541","0.3194","-0.7122","-1.3049","-0.6593"
"537","-0.3669","-1.235","-1.0474","-0.8088","-0.5112"
"538","0.1947","-0.394","-0.9514","0.6618","-0.8599"
"539","1.3491","0.1381","-0.2706","0.2862","0.6255"
"540","0.7826","0.6924","-0.6816","-0.1736","0.2351"
"541","0.3662","0.4206","1.0775","0.4621","-1.888"
"542","0.1277","1.152","-0.4253","0.3196","0.6912"
"543","-0.151","-1.2709","-0.1203","0.2675","-1.5197"
"544","1.9915","1.1399","0.453","0.7724","-0.4896"
"545","-0.9267","-0.4839","0.0229","-0.5714","-1.1514"
"546","-0.0877","0.5358","-1.1349","-0.4333","-1.9254"
"547","-0.1772","1.9485","0.4661","0.685","1.5388"
"548","-1.1718","0.9727","-0.611","-0.8007","-0.3101"
"549","-2.26","-2.2293","-2.7502","-0.3708","-0.4409"
"550","0.9116","-0.9398","1.7064","0.4273","-0.7543"
"551","-0.9815","-0.1001","-0.9306","-0.3422","-0.3937"
"552","0.3024","0.2613","-0.1426","1.3036","1.0659"
"553","-0.9142","-1.4024","-0.8907","-0.925","0.5419"
"554","0.084","0.1657","0.5875","-0.7893","-1.1082"
"555","-0.0559","-0.8382","-1.5665","-2.198","-0.8404"
"556","-0.2225","0.1016","2.5834","1.3036","0.9672"
"557","0.2456","0.7631","-0.5911","-0.7589","0.865"
"558","0.4856","-1.2314","1.2885","0.425","0.5696"
"559","-0.0145","-0.7794","0.8436","-0.6989","1.4342"
"560","0.7057","0.8112","0.1729","0.2848","0.2018"
"561","0.3714","-0.4265","1.6861","0.5638","0.3826"
"562","0.635","0.17","-1.4578","-0.801","-0.3547"
"563","0.2901","1.1585","0.732","0.9762","0.5891"
"564","-0.9012","-0.3825","-1.0201","-2.0588","-0.4813"
"565","0.6743","0.4451","0.7486","1.1365","1.0472"
"566","-0.7445","-0.3421","-0.4253","0.3208","1.0876"
"567","0.5038","-0.222","-0.317","-1.0968","-0.7553"
"568","-0.6374","0.4901","-1.2971","-0.3485","0.1004"
"569","-0.4409","0.4155","0.3947","0.5525","0.1052"
"570","-0.6022","0.6863","-0.4144","0.0515","0.206"
"571","0.317","0.0253","-1.2363","-1.2158","-1.1365"
"572","1.9788","-0.2865","0.4413","1.2478","1.5553"
"573","-0.6654","0.4434","1.6509","0.4677","0.7342"
"574","-0.7822","-0.2644","-0.3182","0.1108","0.2679"
"575","-1.1998","0.0428","-0.1306","2.2884","0.5526"
"576","-1.6157","0.7868","-1.3898","-1.4646","-0.6227"
"577","0.0875","-0.8178","-0.6503","-0.0949","-0.9923"
"578","0.5529","0.0796","-0.4809","-1.074","0.9592"
"579","1.1252","1.173","0.3995","1.3554","1.1983"
"580","-0.6144","0.2236","-0.9575","1.3785","-0.0309"
"581","0.7989","-0.7357","-0.3301","0.1876","1.2911"
"582","1.148","0.0334","-0.33","-0.0298","-0.6055"
"583","-1.1383","1.062","1.39","0.9865","2.0139"
"584","-1.2798","1.0688","-0.4974","-0.5776","-0.1382"
"585","0.5563","0.1949","0.4221","1.2313","1.1895"
"586","0.6062","-0.3124","1.0972","-0.6441","-0.1808"
"587","-0.6961","-1.0661","0.6734","-0.0194","-0.4197"
"588","0.0785","0.0494","0.5922","2.131","-0.4982"
"589","-0.5739","1.5316","-0.9197","-0.2692","-1.7267"
"590","1.3426","1.3351","0.6184","0.5113","0.744"
"591","1.2461","0.1007","2.7255","2.6549","2.7114"
"592","-1.0613","-0.0261","0.7561","-0.5628","-0.8344"
"593","-1.1962","0.0359","-0.7855","-1.6862","1.3041"
"594","0.1098","-0.7341","0.3101","0.0932","1.2953"
"595","-0.1709","0.3922","-1.5235","-0.6603","0.6637"
"596","0.0325","1.8368","0.6125","0.3944","1.3882"
"597","-0.7049","0.0832","1.1468","-0.2891","0.1447"
"598","2.3471","2.3543","0.7924","1.4157","-0.4957"
"599","-1.9502","-2.3905","-0.2791","0.7059","-0.2966"
"600","-0.9243","-0.3536","-2.1332","-1.5519","-1.1665"
"601","-0.3201","-0.7638","-1.8364","-0.8293","0.4071"
"602","-0.1348","0.6401","-0.1164","0.603","-1.0353"
"603","-0.7525","-0.2142","0.9932","0.2092","-0.2952"
"604","1.5477","0.2891","0.4247","1.4022","1.5545"
"605","-2.1689","-1.3538","0.6557","0.2413","-0.2085"
"606","-0.2603","0.8612","-0.6448","-0.1691","1.3805"
"607","1.7591","1.9658","-0.1517","-0.5634","-0.7585"
"608","2.4546","-0.0281","2.1288","0.3541","-0.6911"
"609","0.487","1.8688","-0.6812","0.1976","-0.7454"
"610","1.6162","0.6363","0.2856","0.3148","-0.0713"
"611","0.3736","0.4666","1.6562","0.0942","-1.7536"
"612","0.1747","2.1965","1.0624","0.5617","0.2291"
"613","-0.65","-1.4188","-0.2337","-2.2928","-1.2996"
"614","0.2976","-1.0919","0.4461","0.3518","-0.2009"
"615","-0.8078","-1.1637","-0.5283","-1.0448","-0.0519"
"616","1.9618","0.1282","1.8899","2.0213","2.8687"
"617","0.4446","0.857","-1.113","0.6537","1.0517"
"618","-0.1882","1.0944","1.5946","1.0032","-1.6549"
"619","1.5024","1.5726","0.0136","0.7795","0.3745"
"620","-1.2069","-1.1324","-0.4261","-1.278","-1.3621"
"621","1.2945","0.4583","0.4691","1.0215","1.7146"
"622","1.4964","1.6856","-0.6709","-1.7987","-1.8313"
"623","-0.1609","0.1686","-0.9084","-1.7899","0.0978"
"624","0.4073","0.513","-0.1368","0.2269","-1.9334"
"625","0.3893","0.6644","0.0149","1.1934","0.8254"
"626","-0.741","-0.568","-0.3965","-1.2203","-0.1871"
"627","0.078","0.5094","-0.7177","-0.4736","0.2421"
"628","3.2714","0.1992","0.1513","0.3624","-0.7262"
"629","0.732","1.041","0.8945","0.5528","1.718"
"630","-0.8668","-1.1548","-1.2589","-2.0678","-1.8411"
"631","-0.4942","-0.7779","0.1488","2.3197","1.0772"
"632","0.2649","1.5063","1.6949","1.4921","1.4271"
"633","0.6027","-2.6815","-0.3469","0.6224","-0.3975"
"634","-0.3937","0.9188","-0.0699","-0.4996","-1.0322"
"635","1.1104","0.7975","0.8974","0.3621","1.5959"
"636","1.4859","1.2004","0.8588","1.0393","2.2842"
"637","0.7784","1.3233","-1.1743","-0.0732","-0.2557"
"638","0.3506","-0.3775","-2.2872","0.2926","-1.9939"
"639","-0.3121","-1.3094","-0.5632","-0.2689","0.3223"
"640","0.6148","0.6059","-0.0333","0.4957","-0.0133"
"641","-0.3272","-0.4553","1.9883","0.7687","0.6372"
"642","-0.853","0.0837","-0.5707","0.3735","0.1904"
"643","0.4038","0.524","1.341","-1.9208","-1.0957"
"644","-0.3775","0.699","-0.2379","-0.5762","-1.8067"
"645","0.7341","1.388","-1.0177","0.6419","-0.257"
"646","0.0536","-2.0876","0.2804","-1.1341","-0.4304"
"647","-0.5303","-0.4191","0.8092","1.5711","1.4279"
"648","-0.2278","-0.8832","0.8673","0.8724","0.2977"
"649","-0.1969","0.2241","-0.6704","-0.9408","-0.9119"
"650","-0.6335","-0.8137","-0.9286","-0.7839","-0.095"
"651","-0.2566","0.486","1.9993","1.7704","2.778"
"652","-0.8298","0.0815","0.4245","0.4029","-0.5683"
"653","-0.0284","1.0673","-1.1514","-1.286","-0.39"
"654","1.7314","1.4293","0.171","0.5652","1.2412"
"655","-0.4138","-0.9429","-0.4401","-0.1806","0.4144"
"656","-0.2399","-0.3519","1.0822","0.8375","1.5461"
"657","-0.7198","-1.3661","-1.0277","-0.1823","-0.1526"
"658","-0.0384","-0.3904","-1.0764","0.0552","-0.3446"
"659","-0.1792","0.0514","-0.163","-1.758","-0.499"
"660","-1.103","-1.0465","-0.1231","0.9004","1.068"
"661","0.0867","-0.0346","-0.5572","-1.8109","-0.5294"
"662","-0.5999","-1.4055","-0.3678","-1.6102","-0.8096"
"663","-1.0043","-0.5817","-2.2883","-1.7175","-0.8254"
"664","-0.6122","-1.001","-0.2039","1.1373","0.8037"
"665","0.8028","0.9562","2.2064","2.8432","0.4976"
"666","-0.7053","0.0794","0.1487","0.2111","0.2165"
"667","0.627","0.5019","-0.9816","-0.1886","-0.6132"
"668","0.7456","1.0793","-1.0979","-0.0235","0.0449"
"669","-0.113","-0.289","0.091","-1.2861","-0.3455"
"670","0.3147","-0.5262","-0.0136","-1.0786","-2.6013"
"671","0.2927","-0.301","1.1717","-0.2473","0.8035"
"672","0.9529","0.3256","0.0189","0.7093","-1.3201"
"673","-0.6136","-0.2314","-0.1159","0.3073","-0.8426"
"674","-0.0629","-0.1027","0.3257","1.6363","-0.1046"
"675","-0.2622","0.9072","-0.2778","0.4059","-1.1743"
"676","1.9787","2.4315","0.8288","0.6218","0.9648"
"677","1.379","0.8729","0.8362","0.9329","-0.4632"
"678","0.6084","0.3253","1.8528","0.6554","0.9541"
"679","-0.1293","0.6251","1.1691","0.2921","1.0324"
"680","1.0344","1.543","0.2592","-0.5491","0.2084"
"681","0.0179","-0.3262","-0.0866","-0.237","-0.8244"
"682","-0.2921","-0.4477","-0.1811","-1.1841","-1.414"
"683","0.5885","-0.2061","1.2123","0.3071","0.4071"
"684","1.8296","0.5844","0.9448","0.578","-0.9301"
"685","-0.2683","1.0091","0.4064","1.0986","1.5748"
"686","0.5084","0.1368","0.7477","1.0994","-1.5516"
"687","-0.3123","-0.5079","0.9106","0.213","0.417"
"688","-1.0128","-2.7226","0.9555","0.4242","0.4083"
"689","-0.9354","-0.801","1.5573","1.0518","-0.0987"
"690","1.6325","1.2212","1.8379","1.1217","1.1759"
"691","0.3055","1.085","-0.205","-1.1735","0.61"
"692","-1.189","-1.6544","-1.5687","-0.5096","1.2501"
"693","-1.4228","-1.5058","-1.1662","0.4834","-0.4757"
"694","1.3702","1.3607","0.6048","0.1472","-1.0144"
"695","1.4769","0.1778","0.7967","2.0302","0.5684"
"696","-2.9807","0.2464","-2.0386","-2.0388","-1.1341"
"697","-1.1207","-0.151","1.4005","1.0921","-1.0631"
"698","0.0819","-0.1189","-0.2422","0.3606","0.2923"
"699","0.1946","-0.6985","-0.2729","-0.2204","-0.5706"
"700","0.6828","1.2676","1.1928","1.8659","0.3503"
"701","1.1418","-0.7782","0.9176","1.5178","-0.8521"
"702","1.4301","0.2773","0.6397","1.9751","0.7783"
"703","-1.8515","-1.1899","2.0331","1.883","1.3158"
"704","0.7674","0.995","-0.043","-1.1118","-1.066"
"705","1.3526","1.8731","1.8981","-0.1367","-0.5773"
"706","-1.4107","-0.6662","-0.0074","-0.2522","0.4469"
"707","-0.2052","-0.1759","-0.534","-0.131","0.165"
"708","1.4046","1.139","0.6602","0.3002","-0.6147"
"709","-0.0119","0.3369","0.524","-0.6405","-1.1794"
"710","-0.0666","0.271","-0.6246","-0.6855","-1.5575"
"711","-1.7389","-1.1186","-0.1902","-0.2854","-0.2925"
"712","0.6282","1.9319","0.1652","0.0476","-2.3296"
"713","-0.3091","-0.9989","0.5771","0.6414","0.2479"
"714","-0.277","1.0816","-0.0762","0.1281","-0.5237"
"715","-0.6902","-1.2634","-0.3383","-1.8668","-0.8069"
"716","-0.8212","-1.0518","-0.6405","-1.1251","-0.1052"
"717","0.117","-1.1361","-1.0975","-1.0524","0.5122"
"718","-0.4714","-0.1603","0.3303","0.421","0.9736"
"719","0.3377","1.3113","-1.063","-1.3085","-0.2465"
"720","-0.0943","-0.6902","0.6751","-0.9881","-0.4413"
"721","0.8691","1.1588","0.3483","0.1303","1.2788"
"722","1.7839","0.9213","1.2305","0.7035","1.2371"
"723","-1.2095","-0.5225","0.2761","-0.1064","-0.7665"
"724","1.1885","-0.2762","1.5883","0.8061","1.8633"
"725","-0.7545","0.4694","0.7958","0.097","-0.7656"
"726","-0.7204","-1.4233","-0.6689","0.6586","1.5139"
"727","0.0474","-2.162","-0.745","0.8096","-0.0667"
"728","-0.7339","-0.7903","0.2724","0.1678","0.4336"
"729","0.2344","-0.5575","0.8399","1.2367","0.5752"
"730","-0.1117","-1.1368","-0.9777","-0.0393","-1.3052"
"731","0.1611","-0.2713","-1.8033","-2.9808","-0.754"
"732","-1.0503","-1.4548","-0.6602","-0.6418","1.0407"
"733","1.9478","1.3934","0.9107","1.2375","1.1482"
"734","-0.2838","-0.7158","-0.5206","-2.2211","-1.0447"
"735","-0.4832","-0.2805","-0.1543","0.2615","1.0369"
"736","-1.0735","0.4493","-0.7264","-0.3129","0.1329"
"737","-0.5296","0.9534","-1.0241","-1.3345","0.2161"
"738","0.5313","-0.3395","-0.2853","-0.1572","0.6811"
"739","0.1654","-0.3801","0.3594","-0.0628","0.0988"
"740","0.2586","-1.0535","-1.5271","-0.1278","-1.1391"
"741","-1.7517","0.2034","0.7228","-1.2445","-0.2797"
"742","-0.7776","-1.1517","-0.7954","-0.1642","-0.5312"
"743","-1.6663","-1.8211","-1.1803","-2.2143","-1.2239"
"744","1.0368","0.4383","-0.8412","-2.1527","-0.6137"
"745","-0.6329","0.3865","1.0996","-0.0906","-1.8601"
"746","1.7295","0.0931","2.0696","2.041","1.3128"
"747","-2.2746","-2.4728","-2.5203","-0.7454","-1.0699"
"748","0.1585","-0.2442","0.7546","1.0527","-0.3487"
"749","-1.5255","0.174","-2.4418","-2.8046","-1.0414"
"750","-0.1192","0.0711","-1.1007","0.6357","-0.7866"
"751","-1.0013","-2.1517","-0.2629","-1.0418","-1.0146"
"752","-0.019","0.8316","0.0985","0.367","-1.0418"
"753","-0.625","0.0738","-0.8727","-0.3565","0.2759"
"754","-0.3535","-0.5467","-0.7036","-0.403","1.6625"
"755","0.3537","0.3529","0.1149","0.0101","-0.2432"
"756","0.2312","1.4333","0.2025","-0.7815","-0.6263"
"757","-0.5674","-0.4653","-1.0173","0.002","-1.5567"
"758","1.3154","-0.3249","-0.373","-0.593","0.7723"
"759","0.6792","1.5597","0.9998","2.0291","1.8466"
"760","0.9972","-0.7429","0.9892","0.4659","-1.6397"
"761","-0.4448","-1.7647","0.9047","-0.9123","0.2042"
"762","-1.2498","-1.2512","-0.8185","0.9883","0.2703"
"763","0.106","-1.2854","0.2265","-0.5247","-0.9204"
"764","1.423","0.766","1.2552","1.4314","0.7422"
"765","1.0492","0.5507","0.3976","-1.4942","-2.0921"
"766","-0.6751","-1.8767","-0.0837","-1.1826","0.5648"
"767","-0.7903","-0.6853","-0.8309","-1.4303","-0.5135"
"768","0.6675","0.8801","-0.8292","0.218","-0.0329"
"769","0.9529","0.8666","-0.5679","0.2144","-0.3416"
"770","-0.1175","-1.14","-2.3514","-1.1261","-0.0643"
"771","0.8162","0.4756","1.5592","1.5787","1.134"
"772","-0.1749","-0.1072","1.6149","0.6164","-0.8748"
"773","0.9958","0.6616","-1.186","-0.5582","-1.5467"
"774","1.149","1.5057","1.6297","0.071","1.2365"
"775","-1.343","-1.3454","0.188","0.774","0.7817"
"776","0.0866","-0.531","-2.2484","-2.4239","-1.0628"
"777","-0.1557","0.9229","-0.1302","-0.8318","0.4741"
"778","-0.1006","0.3954","0.6941","-0.6309","0.7178"
"779","-0.0446","-0.5127","-0.5285","-0.2773","-0.2622"
"780","0.2853","-0.0337","-0.3374","1.2502","-0.3382"
"781","-0.5417","-0.4163","-0.1951","-1.0476","-0.5837"
"782","-0.6161","-1.0539","-0.3627","-1.1561","0.2036"
"783","0.4444","0.0341","0.1696","-1.1165","0.5958"
"784","0.594","0.083","0.3907","2.076","0.7772"
"785","1.7046","-0.0601","2.0566","0.0642","0.4037"
"786","1.1203","1.5184","-0.3249","-1.1399","1.2827"
"787","-0.6201","0.1575","-0.5983","-1.1675","-0.3298"
"788","2.1415","1.1885","2.2907","0.5945","0.1154"
"789","0.8029","0.7584","1.4075","1.3173","2.2979"
"790","0.412","0.611","0.0849","0.8766","0.252"
"791","0.9495","-0.5014","-0.4994","-1.2235","-0.0366"
"792","0.7224","-0.5556","0.7764","0.9675","1.1283"
"793","-0.9047","1.2719","-0.9173","-0.9243","-1.4247"
"794","-0.1743","-1.2317","-0.3483","0.2104","0.3941"
"795","-0.3136","0.437","1.38","-1.5133","0.7044"
"796","0.1213","-1.0819","-0.6754","-0.3311","-1.0093"
"797","-0.0601","-0.5056","-0.0221","-0.2116","-0.6749"
"798","0","0.2528","0.5771","0.3627","0.3053"
"799","0.4976","-0.2033","-0.3612","-0.4367","-0.3144"
"800","-1.4265","-0.7937","0.226","-0.3702","0.1998"
"801","-1.2755","-0.5517","-0.1414","0.1509","0.7758"
"802","-0.0528","-0.1079","0.9484","1.1865","0.0619"
"803","-1.6257","-0.2443","0.4755","-0.5548","-1.1067"
"804","0.2727","0.1348","-1.6782","-2.1222","-0.2037"
"805","0.5813","0.8569","-0.5265","-0.9918","-0.8166"
"806","-0.3809","0.3591","0.0116","-0.0161","-0.4909"
"807","-0.2467","0.4847","0.6609","-0.4913","-0.1675"
"808","-1.2852","-1.429","-2.495","-1.1732","-0.7697"
"809","-0.6959","0.1103","0.4791","-0.7066","-0.1051"
"810","-1.0199","-0.3991","0.7716","0.1186","1.1949"
"811","1.7241","1.7434","2.2492","1.5431","1.1521"
"812","1.7859","-0.2203","1.0542","1.7184","0.7262"
"813","0.2357","0.4279","-0.32","-0.1464","0.1817"
"814","-0.0079","-0.5485","-0.1983","-0.0975","0.1538"
"815","-1.0017","0.3119","-0.8988","0.0795","0.9451"
"816","-0.5148","-1.126","-0.1204","-0.2639","-1.001"
"817","0.1001","-0.1892","-0.0423","0.611","0.1446"
"818","0.6324","-1.0411","-0.8676","-1.6152","-1.4199"
"819","1.3352","-0.0448","0.7144","1.1875","-0.3912"
"820","1.2814","0.9968","0.9251","-0.1297","1.1561"
"821","-0.238","0.4892","0.9522","1.7425","1.2886"
"822","0.1439","0.0716","-0.2743","-0.6416","-2.129"
"823","0.2576","-0.0566","-0.0656","0.5175","-0.5116"
"824","-1.3079","-1.0469","0.0539","0.0419","-0.567"
"825","0.8837","0.223","-0.4487","-0.1374","0.5195"
"826","0.8143","1.629","-0.5889","-0.7279","1.3815"
"827","-1.1623","-0.0865","0.5785","1.3506","0.5714"
"828","2.1192","2.2314","0.7274","1.2734","-0.1599"
"829","-0.091","1.3022","1.4295","0.3469","1.1237"
"830","2.2774","1.7237","-0.134","-0.3281","1.76"
"831","-0.7925","-1.1484","-0.2161","0.256","-2.1271"
"832","-0.0104","0.2369","0.8047","0.668","0.2525"
"833","-1.0399","-2.2455","-0.0003","0.5156","-0.1466"
"834","-1.8715","-1.4739","-0.668","-0.8273","-0.2566"
"835","-0.6901","0.8232","-0.1868","0.9233","-0.1539"
"836","0.4808","-0.2063","0.1951","-0.6395","-1.0113"
"837","0.4218","0.4858","0.6563","1.6739","3.0998"
"838","1.2669","1.19","1.0973","-0.8483","0.0461"
"839","0.6608","1.4878","-1.2497","-1.203","0.5769"
"840","-0.4325","-1.016","0.0823","-0.6281","1.1332"
"841","0.2355","0.8139","1.1134","0.7612","-0.571"
"842","-1.6151","-3.1321","-1.7837","-1.3404","-1.4173"
"843","0.1202","0.3647","0.4762","0.0984","0.5621"
"844","-0.2871","0.9878","-0.1524","0.1581","-0.9683"
"845","0.0802","0.1069","-0.7499","-0.9436","-0.6524"
"846","-0.2772","-0.3785","-0.1045","0.049","0.9605"
"847","0.0105","0.669","-0.2567","1.2545","0.6455"
"848","-2.0643","-0.4169","-1.0138","0.3","-0.1977"
"849","-2.089","0.1067","-1.547","-0.2778","-1.6142"
"850","-0.9315","-1.212","1.2086","0.5325","0.2924"
"851","-1.1855","-2.2812","0.0845","0.0629","1.4956"
"852","0.3434","1.5452","-0.3558","-0.8038","-0.1902"
"853","0.2163","0.8807","-1.2835","-1.2973","-1.9972"
"854","0.5496","0.8912","-0.1211","1.6537","1.1233"
"855","-1.2763","-0.3453","-2.6762","-2.7188","-0.3628"
"856","-0.1036","1.2111","0.5025","-0.8785","1.7661"
"857","0.7263","2.4859","1.2181","0.7677","-0.284"
"858","0.196","0.9025","0.3215","-0.4181","0.3174"
"859","-0.0151","-0.0315","-0.4511","0.6695","-0.8042"
"860","-2.0265","-1.7942","-1.495","-0.4416","0.4877"
"861","0.3239","-0.1897","-1.4336","-0.495","-1.3696"
"862","0.1307","-0.5443","-0.2512","-0.0586","0.2566"
"863","-0.0649","-0.0635","2.3051","1.1052","1.2973"
"864","1.6592","-0.2595","0.338","-0.0575","1.3336"
"865","-0.7233","0.6685","0.2341","0.3153","0.1512"
"866","-0.7582","-1.6368","-1.5672","-2.651","-2.2049"
"867","1.037","0.1578","1.7489","1.6031","1.6989"
"868","-0.9372","-1.1457","-0.7039","-0.7899","-0.2264"
"869","0.6144","2.1315","-0.5804","-0.4009","0.3864"
"870","-0.1573","-0.7057","-1.7507","-0.6937","-2.617"
"871","1.7072","2.0217","-1.1441","0.5578","1.1571"
"872","0.3681","0.8344","0.4649","-0.9805","-1.3476"
"873","0.2607","1.4854","0.3318","1.2729","0.4856"
"874","-0.9941","-1.3242","-0.2985","0.7334","-1.5566"
"875","-0.7862","-0.655","-1.477","-0.5224","-1.7023"
"876","-1.5065","0.1484","-1.7362","-2.0913","-1.1819"
"877","1.61","0.2523","-1.3971","-1.6116","-1.6436"
"878","-2.3512","-2.1382","-1.0746","-0.9358","0.4367"
"879","-0.8847","-0.6115","-0.8762","-0.7654","-1.15"
"880","0.5318","-0.2254","0.9132","0.1621","-1.3666"
"881","-1.1116","-0.1838","0.9012","-0.7506","-0.6027"
"882","0.2541","-0.7028","1.2186","1.1043","1.3499"
"883","-0.2266","1.1683","0.6114","-1.0555","0.3176"
"884","-0.9881","-1.4448","-0.0484","-2.1151","0.6149"
"885","-0.2241","-0.0126","-0.5281","-0.2972","-0.8252"
"886","0.4238","-0.0668","-0.4031","-0.7225","-0.8761"
"887","1.2","1.611","0.1328","0.9532","-0.4324"
"888","0.7143","-1.4803","0.8456","0.5554","1.3077"
"889","0.977","1.5818","0.0614","-0.54","0.7968"
"890","-0.8636","-0.8025","0.4753","-0.1588","-0.0931"
"891","-0.0146","0.0007","0.4767","1.8874","1.0105"
"892","1.3029","-0.4229","-0.9034","-0.9034","-1.1351"
"893","1.6238","0.7544","1.0872","0.8478","-0.901"
"894","-1.7643","-1.186","-1.2001","-0.6645","-1.482"
"895","-0.256","0.5007","-0.6185","-0.5206","-0.5939"
"896","0.548","-0.1734","-0.2955","1.46","0.8926"
"897","-1.0119","0.5554","0.308","-1.2781","0.9448"
"898","1.1732","-0.8084","0.4016","0.2648","-0.0749"
"899","-0.6236","0.2712","-0.9857","-0.3493","0.787"
"900","-0.409","0.432","0.5316","-0.5874","-0.9197"
"901","2.2341","0.3534","1.3105","0.3012","-1.2743"
"902","-0.1041","-0.0849","1.9475","0.862","-0.2993"
"903","-0.3877","0.3501","-1.038","-0.0736","0.4051"
"904","-0.6666","0.3459","-1.7894","-1.6245","-1.7277"
"905","-0.6291","-1.1757","-0.6706","-0.7653","-0.4782"
"906","-1.6901","-0.5924","1.4896","1.1539","1.8694"
"907","0.0415","-0.0598","-1.3731","-1.3019","0.1755"
"908","-0.5221","-0.0379","-0.2582","-0.0082","1.2859"
"909","-1.3881","-0.4919","0.4296","0.4833","-0.136"
"910","-0.2776","0.8284","0.6597","-0.6931","-1.6314"
"911","-0.7408","0.1155","-2.1253","-3.7701","-2.006"
"912","-0.1451","0.6739","0.9693","1.0567","1.6551"
"913","0.0878","0.8679","-0.7773","0.5998","-1.1885"
"914","1.8995","0.5878","1.0959","1.1829","1.227"
"915","-0.4452","-0.7951","0.3384","0.1192","-1.6231"
"916","-0.2158","0.0718","-1.5951","-0.1269","-1.9811"
"917","-0.0243","-1.3013","-1.8206","-0.9111","-0.8461"
"918","2.0155","-0.2546","1.5676","1.5446","1.4767"
"919","-0.8251","-0.7888","0.8841","-0.3644","-0.5265"
"920","-0.7183","-0.1534","-2.5441","-0.8223","-0.9298"
"921","-0.0689","-1.5034","0.4255","0.3971","2.3431"
"922","0.5428","0.5662","0.5981","-0.1936","-1.0141"
"923","-1.0086","-0.6358","-0.0005","1.095","0.727"
"924","-0.1639","-0.0547","-0.6365","-0.4347","0.2023"
"925","-0.8515","-0.0264","-0.7725","-0.6493","0.2845"
"926","-0.9157","0.4525","-1.5276","-0.5453","-1.9555"
"927","-0.4881","0.4622","0.4577","0.3397","-0.5498"
"928","-0.4827","0.3601","-0.1954","-0.3028","0.0821"
"929","-2.0067","-1.2027","-1.1389","-1.4896","-2.8944"
"930","-0.5394","-1.3083","0.7208","-0.3782","-0.1625"
"931","-0.4314","0.2369","-0.6889","0.0537","0.3978"
"932","1.0121","1.4526","1.5723","1.1072","-0.9409"
"933","-0.1143","0.4074","0.4879","0.0732","-1.0765"
"934","-0.3027","-0.769","0.2165","0.9259","0.6451"
"935","0.2054","0.1473","1.0726","-1.2564","-0.2242"
"936","-0.3843","-0.8396","1.2289","1.589","0.0366"
"937","0.0531","0.5017","-0.2481","1.334","0.8369"
"938","1.4583","0.5768","0.6171","0.4598","-0.9798"
"939","0.6202","-2.4549","-0.0799","1.3629","1.1007"
"940","-2.7598","-1.0997","-0.8568","0.1132","0.1367"
"941","-0.1763","0.2567","-0.7393","-2.0165","-0.7567"
"942","-0.4806","0.111","0.0379","1.0877","0.5256"
"943","0.9413","2.334","1.7828","0.3238","0.3439"
"944","0.4221","1.2035","-0.8837","1.2078","1.288"
"945","0.2467","0.7896","0.5808","-0.3503","0.372"
"946","0.6212","0.364","-0.5664","-0.4987","-0.2014"
"947","-0.5854","0.869","0.1729","1.0302","0.9777"
"948","-3.1691","0.0312","-1.1921","-1.7012","-0.3901"
"949","0.1259","0.256","-0.4979","0.1939","1.1206"
"950","1.6719","2.7501","1.0577","-0.5869","-0.8281"
"951","0.1662","0.3536","-0.5396","0.5702","-0.0137"
"952","0.675","1.4584","1.0017","-1.1427","1.8095"
"953","-0.5764","-0.182","0.107","0.2767","-0.2099"
"954","-0.0336","-0.2567","-0.0854","-1.1408","0.9581"
"955","0.7534","0.1969","-0.5712","-0.3058","-1.4798"
"956","0.6622","1.5716","0.678","0.8149","2.1561"
"957","0.3866","-0.7386","-0.117","0.1265","-0.6135"
"958","-0.665","0.323","0.1016","-0.0568","-0.8445"
"959","0.7904","0.9822","0.5321","1.1229","1.6009"
"960","0.1438","1.164","-2.2623","-0.7244","-1.3552"
"961","-2.2472","-0.2354","-0.8233","0.279","0.6887"
"962","0.0737","-0.6527","-2.7477","-2.0313","-2.4848"
"963","-0.0882","-0.2825","-0.6704","0.4569","0.1023"
"964","0.5591","1.6392","-1.9254","-0.1554","0.1504"
"965","-1.911","-1.1005","1.6687","0.3309","0.5443"
"966","0.4679","0.1178","0.4673","-0.4304","-1.108"
"967","1.5108","1.2648","2.6777","0.4686","0.0246"
"968","0.4169","0.8541","0.415","2.1813","2.0448"
"969","-1.0153","0.3763","-0.7629","1.7176","0.0419"
"970","0.7316","0.1244","0.9412","-0.1875","0.2722"
"971","0.4673","1.1716","-0.7611","-1.1418","0.4253"
"972","1.2606","0.33","2.9358","0.8778","1.5696"
"973","1.4486","1.0553","-0.0514","0.9381","2.0356"
"974","1.8981","0.9768","0.7371","1.0153","-1.2961"
"975","-1.574","-0.7374","-0.4977","-1.2745","1.101"
"976","-0.5507","2.8487","0.7727","0.5648","0.3586"
"977","1.675","-0.0993","0.5331","0.4947","-0.1256"
"978","-0.3145","-0.8366","-0.5028","1.0759","0.2817"
"979","-0.5492","0.7372","-0.7761","0.8538","1.2038"
"980","0.7774","0.4401","-0.9255","-0.9876","0.4677"
"981","-1.6066","-1.8019","-0.6422","-1.7999","-2.2812"
"982","1.9338","2.2067","-0.945","-0.5488","1.7673"
"983","-0.4192","0.9416","-0.8929","-0.0061","2.0215"
"984","0.3533","-1.3713","0.0425","1.8618","0.6989"
"985","-0.3503","-0.6202","-0.8615","-1.9879","-1.3642"
"986","-0.8169","0.5515","2.2318","-0.1837","0.8086"
"987","1.1081","-0.8207","0.2799","-0.4155","-0.0444"
"988","0.495","0.3567","-0.3112","-2.3992","-0.7414"
"989","0.4687","0.8078","0.2401","1.4931","0.6255"
"990","-1.1759","0.4706","-0.9783","-2.3032","-1.5056"
"991","0.0491","-1.6555","-0.5046","-1.249","1.2632"
"992","0.7714","0.9772","1.3977","1.3592","-1.3088"
"993","0.6282","-1.1391","0.3734","-1.0992","-0.5393"
"994","-0.5791","-0.1351","1.0769","-0.4715","0.9111"
"995","-1.4571","-0.761","0.779","0.052","0.2775"
"996","0.559","-0.1262","0.2292","-1.0328","0.8154"
"997","-0.7318","-0.3459","-1.5752","0.2645","-1.2857"
"998","0.4893","1.4334","1.0043","1.3232","0.2963"
"999","1.4433","0.3768","-0.575","0.1059","0.5411"
"1000","-0.3346","0.4616","-0.4161","0.5581","0.8103"